latitud,longitud,geometry
-80.0,-61.0,POINT (-61 -80)
-80.0,-60.5,POINT (-60.5 -80)
-80.0,-60.0,POINT (-60 -80)
-80.0,-51.5,POINT (-51.5 -80)
-80.0,-51.0,POINT (-51 -80)
-80.0,-50.5,POINT (-50.5 -80)
-80.0,-50.0,POINT (-50 -80)
-80.0,-49.5,POINT (-49.5 -80)
-80.0,-49.0,POINT (-49 -80)
-80.0,-48.5,POINT (-48.5 -80)
-80.0,-48.0,POINT (-48 -80)
-80.0,-47.5,POINT (-47.5 -80)
-80.0,-47.0,POINT (-47 -80)
-80.0,-46.5,POINT (-46.5 -80)
-80.0,-46.0,POINT (-46 -80)
-80.0,-45.5,POINT (-45.5 -80)
-80.0,-45.0,POINT (-45 -80)
-80.0,-44.5,POINT (-44.5 -80)
-80.0,-44.0,POINT (-44 -80)
-79.5,-71.5,POINT (-71.5 -79.5)
-79.5,-71.0,POINT (-71 -79.5)
-79.5,-70.5,POINT (-70.5 -79.5)
-79.5,-70.0,POINT (-70 -79.5)
-79.5,-50.0,POINT (-50 -79.5)
-79.5,-49.5,POINT (-49.5 -79.5)
-79.5,-49.0,POINT (-49 -79.5)
-79.5,-48.5,POINT (-48.5 -79.5)
-79.5,-48.0,POINT (-48 -79.5)
-79.5,-47.5,POINT (-47.5 -79.5)
-79.5,-47.0,POINT (-47 -79.5)
-79.5,-46.5,POINT (-46.5 -79.5)
-79.5,-46.0,POINT (-46 -79.5)
-79.5,-45.5,POINT (-45.5 -79.5)
-79.5,-45.0,POINT (-45 -79.5)
-79.5,-44.5,POINT (-44.5 -79.5)
-79.5,-44.0,POINT (-44 -79.5)
-79.5,-43.5,POINT (-43.5 -79.5)
-79.5,-43.0,POINT (-43 -79.5)
-79.0,-71.0,POINT (-71 -79)
-79.0,-70.5,POINT (-70.5 -79)
-79.0,-70.0,POINT (-70 -79)
-79.0,-69.5,POINT (-69.5 -79)
-79.0,-69.0,POINT (-69 -79)
-79.0,-50.0,POINT (-50 -79)
-79.0,-49.5,POINT (-49.5 -79)
-79.0,-49.0,POINT (-49 -79)
-79.0,-48.5,POINT (-48.5 -79)
-79.0,-48.0,POINT (-48 -79)
-79.0,-47.5,POINT (-47.5 -79)
-79.0,-47.0,POINT (-47 -79)
-79.0,-46.5,POINT (-46.5 -79)
-79.0,-46.0,POINT (-46 -79)
-79.0,-45.5,POINT (-45.5 -79)
-79.0,-45.0,POINT (-45 -79)
-79.0,-44.5,POINT (-44.5 -79)
-79.0,-44.0,POINT (-44 -79)
-79.0,-43.5,POINT (-43.5 -79)
-78.5,-68.0,POINT (-68 -78.5)
-78.5,-67.5,POINT (-67.5 -78.5)
-78.5,-49.5,POINT (-49.5 -78.5)
-78.5,-49.0,POINT (-49 -78.5)
-78.5,-48.5,POINT (-48.5 -78.5)
-78.5,-48.0,POINT (-48 -78.5)
-78.5,-47.5,POINT (-47.5 -78.5)
-78.5,-47.0,POINT (-47 -78.5)
-78.5,-46.5,POINT (-46.5 -78.5)
-78.5,-46.0,POINT (-46 -78.5)
-78.5,-45.5,POINT (-45.5 -78.5)
-78.5,-45.0,POINT (-45 -78.5)
-78.5,-44.5,POINT (-44.5 -78.5)
-78.5,-44.0,POINT (-44 -78.5)
-78.5,-36.0,POINT (-36 -78.5)
-78.5,-35.5,POINT (-35.5 -78.5)
-78.0,-73.5,POINT (-73.5 -78)
-78.0,-48.5,POINT (-48.5 -78)
-78.0,-48.0,POINT (-48 -78)
-78.0,-47.5,POINT (-47.5 -78)
-78.0,-47.0,POINT (-47 -78)
-78.0,-46.5,POINT (-46.5 -78)
-78.0,-46.0,POINT (-46 -78)
-78.0,-45.5,POINT (-45.5 -78)
-78.0,-45.0,POINT (-45 -78)
-78.0,-35.5,POINT (-35.5 -78)
-76.5,-73.5,POINT (-73.5 -76.5)
-76.5,-73.0,POINT (-73 -76.5)
-76.5,-72.5,POINT (-72.5 -76.5)
-76.5,-72.0,POINT (-72 -76.5)
-76.5,-71.5,POINT (-71.5 -76.5)
-76.5,-71.0,POINT (-71 -76.5)
-76.5,-70.5,POINT (-70.5 -76.5)
-76.0,-73.5,POINT (-73.5 -76)
-76.0,-73.0,POINT (-73 -76)
-76.0,-72.5,POINT (-72.5 -76)
-76.0,-72.0,POINT (-72 -76)
-76.0,-71.5,POINT (-71.5 -76)
-76.0,-71.0,POINT (-71 -76)
-76.0,-70.5,POINT (-70.5 -76)
-76.0,-70.0,POINT (-70 -76)
-76.0,-69.5,POINT (-69.5 -76)
-76.0,-69.0,POINT (-69 -76)
-76.0,-68.5,POINT (-68.5 -76)
-76.0,-68.0,POINT (-68 -76)
-76.0,-67.5,POINT (-67.5 -76)
-76.0,-67.0,POINT (-67 -76)
-76.0,-66.5,POINT (-66.5 -76)
-75.5,-73.5,POINT (-73.5 -75.5)
-75.5,-73.0,POINT (-73 -75.5)
-75.5,-72.5,POINT (-72.5 -75.5)
-75.5,-72.0,POINT (-72 -75.5)
-75.5,-71.5,POINT (-71.5 -75.5)
-75.5,-71.0,POINT (-71 -75.5)
-75.5,-70.5,POINT (-70.5 -75.5)
-75.5,-70.0,POINT (-70 -75.5)
-75.5,-69.5,POINT (-69.5 -75.5)
-75.5,-69.0,POINT (-69 -75.5)
-75.5,-68.5,POINT (-68.5 -75.5)
-75.5,-68.0,POINT (-68 -75.5)
-75.5,-67.5,POINT (-67.5 -75.5)
-75.5,-67.0,POINT (-67 -75.5)
-75.5,-66.5,POINT (-66.5 -75.5)
-75.5,-66.0,POINT (-66 -75.5)
-75.5,-65.5,POINT (-65.5 -75.5)
-75.5,-65.0,POINT (-65 -75.5)
-75.5,-64.5,POINT (-64.5 -75.5)
-75.5,-64.0,POINT (-64 -75.5)
-75.5,-63.5,POINT (-63.5 -75.5)
-75.0,-73.5,POINT (-73.5 -75)
-75.0,-73.0,POINT (-73 -75)
-75.0,-72.5,POINT (-72.5 -75)
-75.0,-72.0,POINT (-72 -75)
-75.0,-71.5,POINT (-71.5 -75)
-75.0,-71.0,POINT (-71 -75)
-75.0,-70.5,POINT (-70.5 -75)
-75.0,-70.0,POINT (-70 -75)
-75.0,-69.5,POINT (-69.5 -75)
-75.0,-69.0,POINT (-69 -75)
-75.0,-68.5,POINT (-68.5 -75)
-75.0,-68.0,POINT (-68 -75)
-75.0,-67.5,POINT (-67.5 -75)
-75.0,-67.0,POINT (-67 -75)
-75.0,-66.5,POINT (-66.5 -75)
-75.0,-66.0,POINT (-66 -75)
-75.0,-65.5,POINT (-65.5 -75)
-75.0,-65.0,POINT (-65 -75)
-75.0,-64.5,POINT (-64.5 -75)
-74.5,-73.5,POINT (-73.5 -74.5)
-74.5,-73.0,POINT (-73 -74.5)
-74.5,-72.5,POINT (-72.5 -74.5)
-74.5,-72.0,POINT (-72 -74.5)
-74.5,-71.5,POINT (-71.5 -74.5)
-74.5,-71.0,POINT (-71 -74.5)
-74.5,-70.5,POINT (-70.5 -74.5)
-74.5,-70.0,POINT (-70 -74.5)
-74.5,-69.5,POINT (-69.5 -74.5)
-74.5,-69.0,POINT (-69 -74.5)
-74.5,-68.5,POINT (-68.5 -74.5)
-74.5,-68.0,POINT (-68 -74.5)
-74.5,-67.5,POINT (-67.5 -74.5)
-74.5,-67.0,POINT (-67 -74.5)
-74.5,-66.5,POINT (-66.5 -74.5)
-74.5,-66.0,POINT (-66 -74.5)
-74.5,-65.5,POINT (-65.5 -74.5)
-74.5,-65.0,POINT (-65 -74.5)
-74.5,-64.5,POINT (-64.5 -74.5)
-74.5,-64.0,POINT (-64 -74.5)
-74.5,-63.5,POINT (-63.5 -74.5)
-74.5,-63.0,POINT (-63 -74.5)
-74.5,-62.5,POINT (-62.5 -74.5)
-74.5,-61.5,POINT (-61.5 -74.5)
-74.0,-73.5,POINT (-73.5 -74)
-74.0,-73.0,POINT (-73 -74)
-74.0,-72.5,POINT (-72.5 -74)
-74.0,-72.0,POINT (-72 -74)
-74.0,-71.5,POINT (-71.5 -74)
-74.0,-71.0,POINT (-71 -74)
-74.0,-70.5,POINT (-70.5 -74)
-74.0,-70.0,POINT (-70 -74)
-74.0,-69.5,POINT (-69.5 -74)
-74.0,-69.0,POINT (-69 -74)
-74.0,-68.5,POINT (-68.5 -74)
-74.0,-68.0,POINT (-68 -74)
-74.0,-67.5,POINT (-67.5 -74)
-74.0,-67.0,POINT (-67 -74)
-74.0,-66.5,POINT (-66.5 -74)
-74.0,-66.0,POINT (-66 -74)
-74.0,-65.5,POINT (-65.5 -74)
-74.0,-65.0,POINT (-65 -74)
-74.0,-64.5,POINT (-64.5 -74)
-74.0,-64.0,POINT (-64 -74)
-74.0,-63.5,POINT (-63.5 -74)
-74.0,-63.0,POINT (-63 -74)
-74.0,-62.5,POINT (-62.5 -74)
-74.0,-62.0,POINT (-62 -74)
-73.5,-73.0,POINT (-73 -73.5)
-73.5,-72.5,POINT (-72.5 -73.5)
-73.5,-72.0,POINT (-72 -73.5)
-73.5,-71.5,POINT (-71.5 -73.5)
-73.5,-71.0,POINT (-71 -73.5)
-73.5,-70.5,POINT (-70.5 -73.5)
-73.5,-70.0,POINT (-70 -73.5)
-73.5,-69.5,POINT (-69.5 -73.5)
-73.5,-69.0,POINT (-69 -73.5)
-73.5,-68.5,POINT (-68.5 -73.5)
-73.5,-68.0,POINT (-68 -73.5)
-73.5,-67.5,POINT (-67.5 -73.5)
-73.5,-67.0,POINT (-67 -73.5)
-73.5,-66.5,POINT (-66.5 -73.5)
-73.5,-66.0,POINT (-66 -73.5)
-73.5,-65.5,POINT (-65.5 -73.5)
-73.5,-65.0,POINT (-65 -73.5)
-73.5,-64.5,POINT (-64.5 -73.5)
-73.5,-64.0,POINT (-64 -73.5)
-73.5,-63.5,POINT (-63.5 -73.5)
-73.5,-63.0,POINT (-63 -73.5)
-73.5,-62.5,POINT (-62.5 -73.5)
-73.5,-62.0,POINT (-62 -73.5)
-73.5,-61.5,POINT (-61.5 -73.5)
-73.0,-68.0,POINT (-68 -73)
-73.0,-67.5,POINT (-67.5 -73)
-73.0,-67.0,POINT (-67 -73)
-73.0,-66.5,POINT (-66.5 -73)
-73.0,-66.0,POINT (-66 -73)
-73.0,-65.5,POINT (-65.5 -73)
-73.0,-65.0,POINT (-65 -73)
-73.0,-64.5,POINT (-64.5 -73)
-73.0,-64.0,POINT (-64 -73)
-73.0,-63.5,POINT (-63.5 -73)
-73.0,-63.0,POINT (-63 -73)
-73.0,-62.5,POINT (-62.5 -73)
-73.0,-62.0,POINT (-62 -73)
-73.0,-61.5,POINT (-61.5 -73)
-73.0,-61.0,POINT (-61 -73)
-73.0,-60.5,POINT (-60.5 -73)
-73.0,-60.0,POINT (-60 -73)
-72.5,-73.0,POINT (-73 -72.5)
-72.5,-72.5,POINT (-72.5 -72.5)
-72.5,-72.0,POINT (-72 -72.5)
-72.5,-71.5,POINT (-71.5 -72.5)
-72.5,-71.0,POINT (-71 -72.5)
-72.5,-70.5,POINT (-70.5 -72.5)
-72.5,-70.0,POINT (-70 -72.5)
-72.5,-69.5,POINT (-69.5 -72.5)
-72.5,-67.0,POINT (-67 -72.5)
-72.5,-66.5,POINT (-66.5 -72.5)
-72.5,-66.0,POINT (-66 -72.5)
-72.5,-65.5,POINT (-65.5 -72.5)
-72.5,-65.0,POINT (-65 -72.5)
-72.5,-64.5,POINT (-64.5 -72.5)
-72.5,-64.0,POINT (-64 -72.5)
-72.5,-63.5,POINT (-63.5 -72.5)
-72.5,-63.0,POINT (-63 -72.5)
-72.5,-62.5,POINT (-62.5 -72.5)
-72.5,-62.0,POINT (-62 -72.5)
-72.5,-61.5,POINT (-61.5 -72.5)
-72.0,-70.5,POINT (-70.5 -72)
-72.0,-70.0,POINT (-70 -72)
-72.0,-69.5,POINT (-69.5 -72)
-72.0,-69.0,POINT (-69 -72)
-72.0,-68.5,POINT (-68.5 -72)
-72.0,-66.5,POINT (-66.5 -72)
-72.0,-66.0,POINT (-66 -72)
-72.0,-65.5,POINT (-65.5 -72)
-72.0,-65.0,POINT (-65 -72)
-72.0,-64.5,POINT (-64.5 -72)
-72.0,-64.0,POINT (-64 -72)
-72.0,-63.5,POINT (-63.5 -72)
-72.0,-63.0,POINT (-63 -72)
-72.0,-62.5,POINT (-62.5 -72)
-71.5,-73.0,POINT (-73 -71.5)
-71.5,-72.5,POINT (-72.5 -71.5)
-71.5,-72.0,POINT (-72 -71.5)
-71.5,-71.5,POINT (-71.5 -71.5)
-71.5,-71.0,POINT (-71 -71.5)
-71.5,-70.5,POINT (-70.5 -71.5)
-71.5,-70.0,POINT (-70 -71.5)
-71.5,-69.5,POINT (-69.5 -71.5)
-71.5,-69.0,POINT (-69 -71.5)
-71.5,-68.5,POINT (-68.5 -71.5)
-71.5,-67.5,POINT (-67.5 -71.5)
-71.5,-67.0,POINT (-67 -71.5)
-71.5,-66.5,POINT (-66.5 -71.5)
-71.5,-66.0,POINT (-66 -71.5)
-71.5,-65.5,POINT (-65.5 -71.5)
-71.5,-65.0,POINT (-65 -71.5)
-71.5,-64.5,POINT (-64.5 -71.5)
-71.5,-64.0,POINT (-64 -71.5)
-71.5,-63.5,POINT (-63.5 -71.5)
-71.5,-63.0,POINT (-63 -71.5)
-71.5,-62.5,POINT (-62.5 -71.5)
-71.5,-62.0,POINT (-62 -71.5)
-71.0,-71.0,POINT (-71 -71)
-71.0,-70.5,POINT (-70.5 -71)
-71.0,-70.0,POINT (-70 -71)
-71.0,-69.5,POINT (-69.5 -71)
-71.0,-69.0,POINT (-69 -71)
-71.0,-68.5,POINT (-68.5 -71)
-71.0,-67.0,POINT (-67 -71)
-71.0,-66.5,POINT (-66.5 -71)
-71.0,-66.0,POINT (-66 -71)
-71.0,-65.5,POINT (-65.5 -71)
-71.0,-65.0,POINT (-65 -71)
-71.0,-64.5,POINT (-64.5 -71)
-71.0,-64.0,POINT (-64 -71)
-71.0,-63.5,POINT (-63.5 -71)
-71.0,-63.0,POINT (-63 -71)
-71.0,-62.5,POINT (-62.5 -71)
-71.0,-62.0,POINT (-62 -71)
-71.0,-61.5,POINT (-61.5 -71)
-70.5,-71.0,POINT (-71 -70.5)
-70.5,-70.5,POINT (-70.5 -70.5)
-70.5,-70.0,POINT (-70 -70.5)
-70.5,-69.5,POINT (-69.5 -70.5)
-70.5,-69.0,POINT (-69 -70.5)
-70.5,-67.5,POINT (-67.5 -70.5)
-70.5,-67.0,POINT (-67 -70.5)
-70.5,-66.5,POINT (-66.5 -70.5)
-70.5,-66.0,POINT (-66 -70.5)
-70.5,-65.5,POINT (-65.5 -70.5)
-70.5,-65.0,POINT (-65 -70.5)
-70.5,-64.5,POINT (-64.5 -70.5)
-70.5,-64.0,POINT (-64 -70.5)
-70.5,-63.5,POINT (-63.5 -70.5)
-70.5,-63.0,POINT (-63 -70.5)
-70.5,-62.5,POINT (-62.5 -70.5)
-70.5,-61.5,POINT (-61.5 -70.5)
-70.0,-71.5,POINT (-71.5 -70)
-70.0,-71.0,POINT (-71 -70)
-70.0,-70.5,POINT (-70.5 -70)
-70.0,-70.0,POINT (-70 -70)
-70.0,-69.5,POINT (-69.5 -70)
-70.0,-68.0,POINT (-68 -70)
-70.0,-67.5,POINT (-67.5 -70)
-70.0,-67.0,POINT (-67 -70)
-70.0,-66.5,POINT (-66.5 -70)
-70.0,-66.0,POINT (-66 -70)
-70.0,-65.5,POINT (-65.5 -70)
-70.0,-65.0,POINT (-65 -70)
-70.0,-64.5,POINT (-64.5 -70)
-70.0,-64.0,POINT (-64 -70)
-70.0,-63.5,POINT (-63.5 -70)
-70.0,-63.0,POINT (-63 -70)
-70.0,-62.5,POINT (-62.5 -70)
-69.5,-72.5,POINT (-72.5 -69.5)
-69.5,-71.5,POINT (-71.5 -69.5)
-69.5,-71.0,POINT (-71 -69.5)
-69.5,-70.5,POINT (-70.5 -69.5)
-69.5,-70.0,POINT (-70 -69.5)
-69.5,-68.5,POINT (-68.5 -69.5)
-69.5,-68.0,POINT (-68 -69.5)
-69.5,-67.5,POINT (-67.5 -69.5)
-69.5,-67.0,POINT (-67 -69.5)
-69.5,-66.5,POINT (-66.5 -69.5)
-69.5,-66.0,POINT (-66 -69.5)
-69.5,-65.5,POINT (-65.5 -69.5)
-69.5,-65.0,POINT (-65 -69.5)
-69.5,-64.5,POINT (-64.5 -69.5)
-69.5,-64.0,POINT (-64 -69.5)
-69.5,-63.5,POINT (-63.5 -69.5)
-69.5,-63.0,POINT (-63 -69.5)
-69.5,-62.5,POINT (-62.5 -69.5)
-69.5,-62.0,POINT (-62 -69.5)
-69.0,-72.0,POINT (-72 -69)
-69.0,-71.5,POINT (-71.5 -69)
-69.0,-71.0,POINT (-71 -69)
-69.0,-70.5,POINT (-70.5 -69)
-69.0,-66.5,POINT (-66.5 -69)
-69.0,-66.0,POINT (-66 -69)
-69.0,-65.5,POINT (-65.5 -69)
-69.0,-65.0,POINT (-65 -69)
-69.0,-64.5,POINT (-64.5 -69)
-69.0,-64.0,POINT (-64 -69)
-68.5,-66.5,POINT (-66.5 -68.5)
-68.5,-66.0,POINT (-66 -68.5)
-68.5,-65.5,POINT (-65.5 -68.5)
-68.5,-63.5,POINT (-63.5 -68.5)
-68.0,-66.5,POINT (-66.5 -68)
-68.0,-66.0,POINT (-66 -68)
-68.0,-65.5,POINT (-65.5 -68)
-67.5,-69.0,POINT (-69 -67.5)
-67.5,-68.5,POINT (-68.5 -67.5)
-67.5,-67.5,POINT (-67.5 -67.5)
-67.5,-66.0,POINT (-66 -67.5)
-67.0,-68.5,POINT (-68.5 -67)
-67.0,-68.0,POINT (-68 -67)
-67.0,-67.0,POINT (-67 -67)
-67.0,-66.5,POINT (-66.5 -67)
-67.0,-66.0,POINT (-66 -67)
-67.0,-65.5,POINT (-65.5 -67)
-67.0,-65.0,POINT (-65 -67)
-66.5,-65.5,POINT (-65.5 -66.5)
-66.5,-65.0,POINT (-65 -66.5)
-66.5,-64.5,POINT (-64.5 -66.5)
-66.5,-64.0,POINT (-64 -66.5)
-66.0,-65.0,POINT (-65 -66)
-66.0,-64.0,POINT (-64 -66)
-66.0,-63.5,POINT (-63.5 -66)
-66.0,-63.0,POINT (-63 -66)
-66.0,-62.5,POINT (-62.5 -66)
-66.0,-61.0,POINT (-61 -66)
-65.5,-63.5,POINT (-63.5 -65.5)
-65.5,-63.0,POINT (-63 -65.5)
-65.5,-62.5,POINT (-62.5 -65.5)
-65.5,-62.0,POINT (-62 -65.5)
-65.0,-63.0,POINT (-63 -65)
-65.0,-62.5,POINT (-62.5 -65)
-65.0,-62.0,POINT (-62 -65)
-64.5,-63.5,POINT (-63.5 -64.5)
-64.5,-63.0,POINT (-63 -64.5)
-64.5,-61.0,POINT (-61 -64.5)
-64.5,-60.5,POINT (-60.5 -64.5)
-64.5,-59.0,POINT (-59 -64.5)
-64.0,-60.5,POINT (-60.5 -64)
-64.0,-60.0,POINT (-60 -64)
-64.0,-59.5,POINT (-59.5 -64)
-64.0,-59.0,POINT (-59 -64)
-64.0,-58.0,POINT (-58 -64)
-64.0,-57.5,POINT (-57.5 -64)
-63.5,-58.5,POINT (-58.5 -63.5)
-63.5,-58.0,POINT (-58 -63.5)
-63.5,-57.5,POINT (-57.5 -63.5)
-63.5,-56.0,POINT (-56 -63.5)
-63.0,-62.5,POINT (-62.5 -63)
-63.0,-56.5,POINT (-56.5 -63)
-62.0,-58.0,POINT (-58 -62)
-55.0,-66.5,POINT (-66.5 -55)
-54.5,-67.5,POINT (-67.5 -54.5)
-54.5,-67.0,POINT (-67 -54.5)
-54.5,-66.5,POINT (-66.5 -54.5)
-54.5,-36.5,POINT (-36.5 -54.5)
-54.0,-68.5,POINT (-68.5 -54)
-53.5,-68.5,POINT (-68.5 -53.5)
-53.0,-68.5,POINT (-68.5 -53)
-52.0,-70.5,POINT (-70.5 -52)
-52.0,-70.0,POINT (-70 -52)
-52.0,-60.5,POINT (-60.5 -52)
-52.0,-60.0,POINT (-60 -52)
-52.0,-59.5,POINT (-59.5 -52)
-52.0,-59.0,POINT (-59 -52)
-51.5,-72.0,POINT (-72 -51.5)
-51.5,-71.5,POINT (-71.5 -51.5)
-51.5,-71.0,POINT (-71 -51.5)
-51.5,-70.5,POINT (-70.5 -51.5)
-51.5,-70.0,POINT (-70 -51.5)
-51.5,-60.5,POINT (-60.5 -51.5)
-51.5,-60.0,POINT (-60 -51.5)
-51.5,-59.5,POINT (-59.5 -51.5)
-51.5,-59.0,POINT (-59 -51.5)
-51.5,-58.5,POINT (-58.5 -51.5)
-51.5,-58.0,POINT (-58 -51.5)
-51.0,-72.0,POINT (-72 -51)
-51.0,-71.5,POINT (-71.5 -51)
-51.0,-71.0,POINT (-71 -51)
-51.0,-70.5,POINT (-70.5 -51)
-51.0,-70.0,POINT (-70 -51)
-51.0,-69.5,POINT (-69.5 -51)
-50.5,-73.0,POINT (-73 -50.5)
-50.5,-71.5,POINT (-71.5 -50.5)
-50.5,-71.0,POINT (-71 -50.5)
-50.5,-70.5,POINT (-70.5 -50.5)
-50.5,-70.0,POINT (-70 -50.5)
-50.5,-69.5,POINT (-69.5 -50.5)
-50.0,-73.5,POINT (-73.5 -50)
-50.0,-73.0,POINT (-73 -50)
-50.0,-72.5,POINT (-72.5 -50)
-50.0,-71.5,POINT (-71.5 -50)
-50.0,-71.0,POINT (-71 -50)
-50.0,-70.5,POINT (-70.5 -50)
-50.0,-70.0,POINT (-70 -50)
-50.0,-69.5,POINT (-69.5 -50)
-50.0,-69.0,POINT (-69 -50)
-50.0,-68.0,POINT (-68 -50)
-49.5,-73.5,POINT (-73.5 -49.5)
-49.5,-73.0,POINT (-73 -49.5)
-49.5,-72.5,POINT (-72.5 -49.5)
-49.5,-72.0,POINT (-72 -49.5)
-49.5,-71.5,POINT (-71.5 -49.5)
-49.5,-71.0,POINT (-71 -49.5)
-49.5,-70.5,POINT (-70.5 -49.5)
-49.5,-70.0,POINT (-70 -49.5)
-49.5,-69.5,POINT (-69.5 -49.5)
-49.5,-69.0,POINT (-69 -49.5)
-49.5,-68.5,POINT (-68.5 -49.5)
-49.0,-72.5,POINT (-72.5 -49)
-49.0,-72.0,POINT (-72 -49)
-49.0,-71.5,POINT (-71.5 -49)
-49.0,-71.0,POINT (-71 -49)
-49.0,-69.5,POINT (-69.5 -49)
-49.0,-69.0,POINT (-69 -49)
-49.0,-68.5,POINT (-68.5 -49)
-48.5,-72.0,POINT (-72 -48.5)
-48.5,-71.5,POINT (-71.5 -48.5)
-48.5,-71.0,POINT (-71 -48.5)
-48.5,-69.5,POINT (-69.5 -48.5)
-48.5,-69.0,POINT (-69 -48.5)
-48.5,-68.5,POINT (-68.5 -48.5)
-48.5,-68.0,POINT (-68 -48.5)
-48.5,-67.5,POINT (-67.5 -48.5)
-48.5,-67.0,POINT (-67 -48.5)
-48.0,-72.0,POINT (-72 -48)
-48.0,-71.5,POINT (-71.5 -48)
-48.0,-71.0,POINT (-71 -48)
-48.0,-70.5,POINT (-70.5 -48)
-48.0,-70.0,POINT (-70 -48)
-48.0,-69.5,POINT (-69.5 -48)
-48.0,-69.0,POINT (-69 -48)
-48.0,-68.5,POINT (-68.5 -48)
-48.0,-68.0,POINT (-68 -48)
-48.0,-67.5,POINT (-67.5 -48)
-48.0,-67.0,POINT (-67 -48)
-48.0,-66.5,POINT (-66.5 -48)
-47.5,-72.0,POINT (-72 -47.5)
-47.5,-71.5,POINT (-71.5 -47.5)
-47.5,-71.0,POINT (-71 -47.5)
-47.5,-70.5,POINT (-70.5 -47.5)
-47.5,-70.0,POINT (-70 -47.5)
-47.5,-69.5,POINT (-69.5 -47.5)
-47.5,-69.0,POINT (-69 -47.5)
-47.5,-68.5,POINT (-68.5 -47.5)
-47.5,-68.0,POINT (-68 -47.5)
-47.5,-67.5,POINT (-67.5 -47.5)
-47.5,-67.0,POINT (-67 -47.5)
-47.5,-66.5,POINT (-66.5 -47.5)
-47.0,-71.5,POINT (-71.5 -47)
-47.0,-70.5,POINT (-70.5 -47)
-47.0,-70.0,POINT (-70 -47)
-47.0,-69.5,POINT (-69.5 -47)
-47.0,-69.0,POINT (-69 -47)
-47.0,-68.5,POINT (-68.5 -47)
-47.0,-68.0,POINT (-68 -47)
-47.0,-67.5,POINT (-67.5 -47)
-47.0,-67.0,POINT (-67 -47)
-46.5,-71.5,POINT (-71.5 -46.5)
-46.5,-70.0,POINT (-70 -46.5)
-46.5,-69.5,POINT (-69.5 -46.5)
-46.5,-69.0,POINT (-69 -46.5)
-46.5,-68.5,POINT (-68.5 -46.5)
-46.5,-68.0,POINT (-68 -46.5)
-46.5,-67.5,POINT (-67.5 -46.5)
-46.0,-71.5,POINT (-71.5 -46)
-46.0,-71.0,POINT (-71 -46)
-46.0,-70.5,POINT (-70.5 -46)
-46.0,-70.0,POINT (-70 -46)
-46.0,-69.5,POINT (-69.5 -46)
-46.0,-69.0,POINT (-69 -46)
-46.0,-68.5,POINT (-68.5 -46)
-46.0,-68.0,POINT (-68 -46)
-45.5,-71.0,POINT (-71 -45.5)
-45.5,-70.5,POINT (-70.5 -45.5)
-45.5,-70.0,POINT (-70 -45.5)
-45.5,-69.5,POINT (-69.5 -45.5)
-45.5,-69.0,POINT (-69 -45.5)
-45.5,-68.5,POINT (-68.5 -45.5)
-45.5,-68.0,POINT (-68 -45.5)
-45.0,-71.5,POINT (-71.5 -45)
-45.0,-71.0,POINT (-71 -45)
-45.0,-70.5,POINT (-70.5 -45)
-45.0,-70.0,POINT (-70 -45)
-45.0,-69.5,POINT (-69.5 -45)
-45.0,-69.0,POINT (-69 -45)
-45.0,-68.5,POINT (-68.5 -45)
-45.0,-68.0,POINT (-68 -45)
-45.0,-67.5,POINT (-67.5 -45)
-45.0,-67.0,POINT (-67 -45)
-45.0,-66.5,POINT (-66.5 -45)
-45.0,-66.0,POINT (-66 -45)
-44.5,-71.0,POINT (-71 -44.5)
-44.5,-70.5,POINT (-70.5 -44.5)
-44.5,-70.0,POINT (-70 -44.5)
-44.5,-69.5,POINT (-69.5 -44.5)
-44.5,-69.0,POINT (-69 -44.5)
-44.5,-68.5,POINT (-68.5 -44.5)
-44.5,-68.0,POINT (-68 -44.5)
-44.5,-67.5,POINT (-67.5 -44.5)
-44.5,-67.0,POINT (-67 -44.5)
-44.5,-66.5,POINT (-66.5 -44.5)
-44.5,-66.0,POINT (-66 -44.5)
-44.5,-65.5,POINT (-65.5 -44.5)
-44.0,-71.5,POINT (-71.5 -44)
-44.0,-71.0,POINT (-71 -44)
-44.0,-70.5,POINT (-70.5 -44)
-44.0,-70.0,POINT (-70 -44)
-44.0,-69.5,POINT (-69.5 -44)
-44.0,-69.0,POINT (-69 -44)
-44.0,-68.5,POINT (-68.5 -44)
-44.0,-68.0,POINT (-68 -44)
-44.0,-67.5,POINT (-67.5 -44)
-44.0,-67.0,POINT (-67 -44)
-44.0,-66.5,POINT (-66.5 -44)
-44.0,-66.0,POINT (-66 -44)
-44.0,-65.5,POINT (-65.5 -44)
-43.5,-71.5,POINT (-71.5 -43.5)
-43.5,-71.0,POINT (-71 -43.5)
-43.5,-70.5,POINT (-70.5 -43.5)
-43.5,-70.0,POINT (-70 -43.5)
-43.5,-69.5,POINT (-69.5 -43.5)
-43.5,-69.0,POINT (-69 -43.5)
-43.5,-68.5,POINT (-68.5 -43.5)
-43.5,-68.0,POINT (-68 -43.5)
-43.5,-67.5,POINT (-67.5 -43.5)
-43.5,-67.0,POINT (-67 -43.5)
-43.5,-66.5,POINT (-66.5 -43.5)
-43.5,-66.0,POINT (-66 -43.5)
-43.0,-72.0,POINT (-72 -43)
-43.0,-70.5,POINT (-70.5 -43)
-43.0,-70.0,POINT (-70 -43)
-43.0,-69.5,POINT (-69.5 -43)
-43.0,-69.0,POINT (-69 -43)
-43.0,-68.5,POINT (-68.5 -43)
-43.0,-68.0,POINT (-68 -43)
-43.0,-67.5,POINT (-67.5 -43)
-43.0,-67.0,POINT (-67 -43)
-43.0,-66.5,POINT (-66.5 -43)
-43.0,-66.0,POINT (-66 -43)
-43.0,-64.5,POINT (-64.5 -43)
-42.5,-72.0,POINT (-72 -42.5)
-42.5,-71.5,POINT (-71.5 -42.5)
-42.5,-70.5,POINT (-70.5 -42.5)
-42.5,-70.0,POINT (-70 -42.5)
-42.5,-69.5,POINT (-69.5 -42.5)
-42.5,-69.0,POINT (-69 -42.5)
-42.5,-68.5,POINT (-68.5 -42.5)
-42.5,-68.0,POINT (-68 -42.5)
-42.5,-67.5,POINT (-67.5 -42.5)
-42.5,-67.0,POINT (-67 -42.5)
-42.5,-66.5,POINT (-66.5 -42.5)
-42.5,-66.0,POINT (-66 -42.5)
-42.5,-65.5,POINT (-65.5 -42.5)
-42.5,-65.0,POINT (-65 -42.5)
-42.5,-64.0,POINT (-64 -42.5)
-42.0,-71.0,POINT (-71 -42)
-42.0,-70.5,POINT (-70.5 -42)
-42.0,-70.0,POINT (-70 -42)
-42.0,-69.5,POINT (-69.5 -42)
-42.0,-69.0,POINT (-69 -42)
-42.0,-68.5,POINT (-68.5 -42)
-42.0,-68.0,POINT (-68 -42)
-42.0,-67.5,POINT (-67.5 -42)
-42.0,-67.0,POINT (-67 -42)
-42.0,-66.5,POINT (-66.5 -42)
-42.0,-66.0,POINT (-66 -42)
-42.0,-65.5,POINT (-65.5 -42)
-41.5,-70.5,POINT (-70.5 -41.5)
-41.5,-70.0,POINT (-70 -41.5)
-41.5,-69.5,POINT (-69.5 -41.5)
-41.5,-68.0,POINT (-68 -41.5)
-41.5,-67.5,POINT (-67.5 -41.5)
-41.5,-67.0,POINT (-67 -41.5)
-41.5,-66.5,POINT (-66.5 -41.5)
-41.5,-66.0,POINT (-66 -41.5)
-41.5,-65.5,POINT (-65.5 -41.5)
-41.5,-65.0,POINT (-65 -41.5)
-41.0,-70.5,POINT (-70.5 -41)
-41.0,-70.0,POINT (-70 -41)
-41.0,-69.5,POINT (-69.5 -41)
-41.0,-68.0,POINT (-68 -41)
-41.0,-67.5,POINT (-67.5 -41)
-41.0,-67.0,POINT (-67 -41)
-41.0,-66.5,POINT (-66.5 -41)
-41.0,-66.0,POINT (-66 -41)
-41.0,-65.5,POINT (-65.5 -41)
-41.0,-64.0,POINT (-64 -41)
-41.0,-63.5,POINT (-63.5 -41)
-40.5,-71.5,POINT (-71.5 -40.5)
-40.5,-71.0,POINT (-71 -40.5)
-40.5,-70.5,POINT (-70.5 -40.5)
-40.5,-70.0,POINT (-70 -40.5)
-40.5,-69.5,POINT (-69.5 -40.5)
-40.5,-69.0,POINT (-69 -40.5)
-40.5,-68.5,POINT (-68.5 -40.5)
-40.5,-68.0,POINT (-68 -40.5)
-40.5,-67.5,POINT (-67.5 -40.5)
-40.5,-67.0,POINT (-67 -40.5)
-40.5,-66.5,POINT (-66.5 -40.5)
-40.5,-66.0,POINT (-66 -40.5)
-40.5,-65.5,POINT (-65.5 -40.5)
-40.5,-64.5,POINT (-64.5 -40.5)
-40.5,-64.0,POINT (-64 -40.5)
-40.5,-63.5,POINT (-63.5 -40.5)
-40.5,-62.5,POINT (-62.5 -40.5)
-40.0,-71.5,POINT (-71.5 -40)
-40.0,-71.0,POINT (-71 -40)
-40.0,-70.5,POINT (-70.5 -40)
-40.0,-70.0,POINT (-70 -40)
-40.0,-69.5,POINT (-69.5 -40)
-40.0,-69.0,POINT (-69 -40)
-40.0,-68.5,POINT (-68.5 -40)
-40.0,-68.0,POINT (-68 -40)
-40.0,-67.5,POINT (-67.5 -40)
-40.0,-67.0,POINT (-67 -40)
-40.0,-66.5,POINT (-66.5 -40)
-40.0,-66.0,POINT (-66 -40)
-40.0,-65.5,POINT (-65.5 -40)
-40.0,-65.0,POINT (-65 -40)
-40.0,-64.5,POINT (-64.5 -40)
-40.0,-64.0,POINT (-64 -40)
-40.0,-63.5,POINT (-63.5 -40)
-40.0,-63.0,POINT (-63 -40)
-40.0,-62.5,POINT (-62.5 -40)
-39.5,-71.5,POINT (-71.5 -39.5)
-39.5,-71.0,POINT (-71 -39.5)
-39.5,-70.5,POINT (-70.5 -39.5)
-39.5,-70.0,POINT (-70 -39.5)
-39.5,-69.5,POINT (-69.5 -39.5)
-39.5,-69.0,POINT (-69 -39.5)
-39.5,-68.5,POINT (-68.5 -39.5)
-39.5,-68.0,POINT (-68 -39.5)
-39.5,-67.5,POINT (-67.5 -39.5)
-39.5,-67.0,POINT (-67 -39.5)
-39.5,-66.5,POINT (-66.5 -39.5)
-39.5,-66.0,POINT (-66 -39.5)
-39.5,-65.5,POINT (-65.5 -39.5)
-39.5,-65.0,POINT (-65 -39.5)
-39.5,-64.5,POINT (-64.5 -39.5)
-39.5,-64.0,POINT (-64 -39.5)
-39.5,-63.5,POINT (-63.5 -39.5)
-39.5,-63.0,POINT (-63 -39.5)
-39.5,-62.5,POINT (-62.5 -39.5)
-39.0,-71.0,POINT (-71 -39)
-39.0,-70.5,POINT (-70.5 -39)
-39.0,-70.0,POINT (-70 -39)
-39.0,-69.5,POINT (-69.5 -39)
-39.0,-69.0,POINT (-69 -39)
-39.0,-67.5,POINT (-67.5 -39)
-39.0,-67.0,POINT (-67 -39)
-39.0,-66.5,POINT (-66.5 -39)
-39.0,-66.0,POINT (-66 -39)
-39.0,-65.5,POINT (-65.5 -39)
-39.0,-65.0,POINT (-65 -39)
-39.0,-64.5,POINT (-64.5 -39)
-39.0,-64.0,POINT (-64 -39)
-39.0,-63.5,POINT (-63.5 -39)
-39.0,-63.0,POINT (-63 -39)
-39.0,-61.5,POINT (-61.5 -39)
-38.5,-70.5,POINT (-70.5 -38.5)
-38.5,-70.0,POINT (-70 -38.5)
-38.5,-69.5,POINT (-69.5 -38.5)
-38.5,-69.0,POINT (-69 -38.5)
-38.5,-68.5,POINT (-68.5 -38.5)
-38.5,-67.5,POINT (-67.5 -38.5)
-38.5,-67.0,POINT (-67 -38.5)
-38.5,-66.5,POINT (-66.5 -38.5)
-38.5,-66.0,POINT (-66 -38.5)
-38.5,-65.5,POINT (-65.5 -38.5)
-38.5,-65.0,POINT (-65 -38.5)
-38.5,-64.5,POINT (-64.5 -38.5)
-38.5,-64.0,POINT (-64 -38.5)
-38.5,-63.5,POINT (-63.5 -38.5)
-38.5,-63.0,POINT (-63 -38.5)
-38.5,-61.5,POINT (-61.5 -38.5)
-38.5,-61.0,POINT (-61 -38.5)
-38.5,-59.5,POINT (-59.5 -38.5)
-38.5,-59.0,POINT (-59 -38.5)
-38.5,-58.5,POINT (-58.5 -38.5)
-38.0,-71.0,POINT (-71 -38)
-38.0,-70.5,POINT (-70.5 -38)
-38.0,-70.0,POINT (-70 -38)
-38.0,-69.5,POINT (-69.5 -38)
-38.0,-69.0,POINT (-69 -38)
-38.0,-68.5,POINT (-68.5 -38)
-38.0,-68.0,POINT (-68 -38)
-38.0,-67.5,POINT (-67.5 -38)
-38.0,-67.0,POINT (-67 -38)
-38.0,-66.5,POINT (-66.5 -38)
-38.0,-66.0,POINT (-66 -38)
-38.0,-65.5,POINT (-65.5 -38)
-38.0,-65.0,POINT (-65 -38)
-38.0,-64.5,POINT (-64.5 -38)
-38.0,-64.0,POINT (-64 -38)
-38.0,-63.5,POINT (-63.5 -38)
-38.0,-63.0,POINT (-63 -38)
-38.0,-62.0,POINT (-62 -38)
-38.0,-59.5,POINT (-59.5 -38)
-38.0,-59.0,POINT (-59 -38)
-38.0,-58.5,POINT (-58.5 -38)
-37.5,-71.0,POINT (-71 -37.5)
-37.5,-70.5,POINT (-70.5 -37.5)
-37.5,-70.0,POINT (-70 -37.5)
-37.5,-69.5,POINT (-69.5 -37.5)
-37.5,-69.0,POINT (-69 -37.5)
-37.5,-68.5,POINT (-68.5 -37.5)
-37.5,-68.0,POINT (-68 -37.5)
-37.5,-67.5,POINT (-67.5 -37.5)
-37.5,-67.0,POINT (-67 -37.5)
-37.5,-66.5,POINT (-66.5 -37.5)
-37.5,-66.0,POINT (-66 -37.5)
-37.5,-65.5,POINT (-65.5 -37.5)
-37.5,-65.0,POINT (-65 -37.5)
-37.5,-64.5,POINT (-64.5 -37.5)
-37.5,-64.0,POINT (-64 -37.5)
-37.5,-63.5,POINT (-63.5 -37.5)
-37.5,-63.0,POINT (-63 -37.5)
-37.5,-61.0,POINT (-61 -37.5)
-37.5,-60.5,POINT (-60.5 -37.5)
-37.5,-60.0,POINT (-60 -37.5)
-37.5,-58.5,POINT (-58.5 -37.5)
-37.5,-58.0,POINT (-58 -37.5)
-37.0,-71.0,POINT (-71 -37)
-37.0,-70.5,POINT (-70.5 -37)
-37.0,-70.0,POINT (-70 -37)
-37.0,-69.5,POINT (-69.5 -37)
-37.0,-69.0,POINT (-69 -37)
-37.0,-68.5,POINT (-68.5 -37)
-37.0,-68.0,POINT (-68 -37)
-37.0,-67.5,POINT (-67.5 -37)
-37.0,-67.0,POINT (-67 -37)
-37.0,-66.5,POINT (-66.5 -37)
-37.0,-66.0,POINT (-66 -37)
-37.0,-65.5,POINT (-65.5 -37)
-37.0,-65.0,POINT (-65 -37)
-37.0,-63.5,POINT (-63.5 -37)
-37.0,-63.0,POINT (-63 -37)
-37.0,-62.5,POINT (-62.5 -37)
-37.0,-61.5,POINT (-61.5 -37)
-37.0,-61.0,POINT (-61 -37)
-37.0,-58.5,POINT (-58.5 -37)
-37.0,-58.0,POINT (-58 -37)
-37.0,-57.5,POINT (-57.5 -37)
-37.0,-57.0,POINT (-57 -37)
-36.5,-71.0,POINT (-71 -36.5)
-36.5,-70.5,POINT (-70.5 -36.5)
-36.5,-70.0,POINT (-70 -36.5)
-36.5,-69.5,POINT (-69.5 -36.5)
-36.5,-69.0,POINT (-69 -36.5)
-36.5,-68.5,POINT (-68.5 -36.5)
-36.5,-68.0,POINT (-68 -36.5)
-36.5,-67.5,POINT (-67.5 -36.5)
-36.5,-67.0,POINT (-67 -36.5)
-36.5,-66.5,POINT (-66.5 -36.5)
-36.5,-66.0,POINT (-66 -36.5)
-36.5,-65.5,POINT (-65.5 -36.5)
-36.5,-65.0,POINT (-65 -36.5)
-36.5,-63.5,POINT (-63.5 -36.5)
-36.5,-63.0,POINT (-63 -36.5)
-36.5,-62.5,POINT (-62.5 -36.5)
-36.5,-62.0,POINT (-62 -36.5)
-36.5,-61.5,POINT (-61.5 -36.5)
-36.5,-58.5,POINT (-58.5 -36.5)
-36.5,-57.0,POINT (-57 -36.5)
-36.0,-70.0,POINT (-70 -36)
-36.0,-69.5,POINT (-69.5 -36)
-36.0,-69.0,POINT (-69 -36)
-36.0,-68.5,POINT (-68.5 -36)
-36.0,-68.0,POINT (-68 -36)
-36.0,-67.5,POINT (-67.5 -36)
-36.0,-67.0,POINT (-67 -36)
-36.0,-66.5,POINT (-66.5 -36)
-36.0,-66.0,POINT (-66 -36)
-36.0,-65.5,POINT (-65.5 -36)
-36.0,-65.0,POINT (-65 -36)
-36.0,-64.5,POINT (-64.5 -36)
-36.0,-63.0,POINT (-63 -36)
-36.0,-62.5,POINT (-62.5 -36)
-36.0,-60.5,POINT (-60.5 -36)
-36.0,-60.0,POINT (-60 -36)
-36.0,-58.5,POINT (-58.5 -36)
-35.5,-69.0,POINT (-69 -35.5)
-35.5,-68.5,POINT (-68.5 -35.5)
-35.5,-68.0,POINT (-68 -35.5)
-35.5,-67.5,POINT (-67.5 -35.5)
-35.5,-67.0,POINT (-67 -35.5)
-35.5,-66.5,POINT (-66.5 -35.5)
-35.5,-66.0,POINT (-66 -35.5)
-35.5,-65.5,POINT (-65.5 -35.5)
-35.5,-65.0,POINT (-65 -35.5)
-35.5,-64.5,POINT (-64.5 -35.5)
-35.5,-63.0,POINT (-63 -35.5)
-35.5,-62.5,POINT (-62.5 -35.5)
-35.5,-60.0,POINT (-60 -35.5)
-35.5,-59.5,POINT (-59.5 -35.5)
-35.5,-59.0,POINT (-59 -35.5)
-35.5,-58.5,POINT (-58.5 -35.5)
-35.5,-58.0,POINT (-58 -35.5)
-35.0,-70.0,POINT (-70 -35)
-35.0,-69.0,POINT (-69 -35)
-35.0,-68.0,POINT (-68 -35)
-35.0,-67.5,POINT (-67.5 -35)
-35.0,-67.0,POINT (-67 -35)
-35.0,-66.5,POINT (-66.5 -35)
-35.0,-66.0,POINT (-66 -35)
-35.0,-65.5,POINT (-65.5 -35)
-35.0,-65.0,POINT (-65 -35)
-35.0,-64.5,POINT (-64.5 -35)
-35.0,-64.0,POINT (-64 -35)
-35.0,-63.5,POINT (-63.5 -35)
-35.0,-63.0,POINT (-63 -35)
-35.0,-62.5,POINT (-62.5 -35)
-35.0,-62.0,POINT (-62 -35)
-35.0,-61.5,POINT (-61.5 -35)
-35.0,-60.5,POINT (-60.5 -35)
-35.0,-60.0,POINT (-60 -35)
-35.0,-59.5,POINT (-59.5 -35)
-35.0,-59.0,POINT (-59 -35)
-34.5,-70.0,POINT (-70 -34.5)
-34.5,-69.5,POINT (-69.5 -34.5)
-34.5,-69.0,POINT (-69 -34.5)
-34.5,-67.5,POINT (-67.5 -34.5)
-34.5,-67.0,POINT (-67 -34.5)
-34.5,-66.5,POINT (-66.5 -34.5)
-34.5,-66.0,POINT (-66 -34.5)
-34.5,-65.5,POINT (-65.5 -34.5)
-34.5,-65.0,POINT (-65 -34.5)
-34.5,-64.5,POINT (-64.5 -34.5)
-34.5,-64.0,POINT (-64 -34.5)
-34.5,-63.0,POINT (-63 -34.5)
-34.5,-62.5,POINT (-62.5 -34.5)
-34.5,-62.0,POINT (-62 -34.5)
-34.5,-61.5,POINT (-61.5 -34.5)
-34.5,-60.0,POINT (-60 -34.5)
-34.5,-59.5,POINT (-59.5 -34.5)
-34.0,-69.5,POINT (-69.5 -34)
-34.0,-69.0,POINT (-69 -34)
-34.0,-68.5,POINT (-68.5 -34)
-34.0,-68.0,POINT (-68 -34)
-34.0,-67.5,POINT (-67.5 -34)
-34.0,-67.0,POINT (-67 -34)
-34.0,-66.5,POINT (-66.5 -34)
-34.0,-66.0,POINT (-66 -34)
-34.0,-64.5,POINT (-64.5 -34)
-34.0,-64.0,POINT (-64 -34)
-34.0,-62.5,POINT (-62.5 -34)
-34.0,-61.5,POINT (-61.5 -34)
-34.0,-61.0,POINT (-61 -34)
-34.0,-60.5,POINT (-60.5 -34)
-34.0,-60.0,POINT (-60 -34)
-34.0,-59.5,POINT (-59.5 -34)
-34.0,-59.0,POINT (-59 -34)
-33.5,-69.5,POINT (-69.5 -33.5)
-33.5,-69.0,POINT (-69 -33.5)
-33.5,-68.0,POINT (-68 -33.5)
-33.5,-67.5,POINT (-67.5 -33.5)
-33.5,-67.0,POINT (-67 -33.5)
-33.5,-63.5,POINT (-63.5 -33.5)
-33.5,-63.0,POINT (-63 -33.5)
-33.5,-62.5,POINT (-62.5 -33.5)
-33.5,-61.0,POINT (-61 -33.5)
-33.5,-60.5,POINT (-60.5 -33.5)
-33.5,-60.0,POINT (-60 -33.5)
-33.5,-59.5,POINT (-59.5 -33.5)
-33.5,-59.0,POINT (-59 -33.5)
-33.5,-58.5,POINT (-58.5 -33.5)
-33.0,-70.0,POINT (-70 -33)
-33.0,-69.5,POINT (-69.5 -33)
-33.0,-67.5,POINT (-67.5 -33)
-33.0,-67.0,POINT (-67 -33)
-33.0,-65.5,POINT (-65.5 -33)
-33.0,-65.0,POINT (-65 -33)
-33.0,-63.5,POINT (-63.5 -33)
-33.0,-63.0,POINT (-63 -33)
-33.0,-61.5,POINT (-61.5 -33)
-33.0,-60.0,POINT (-60 -33)
-33.0,-59.5,POINT (-59.5 -33)
-32.5,-70.0,POINT (-70 -32.5)
-32.5,-69.5,POINT (-69.5 -32.5)
-32.5,-68.0,POINT (-68 -32.5)
-32.5,-67.5,POINT (-67.5 -32.5)
-32.5,-67.0,POINT (-67 -32.5)
-32.5,-66.5,POINT (-66.5 -32.5)
-32.5,-66.0,POINT (-66 -32.5)
-32.5,-65.5,POINT (-65.5 -32.5)
-32.5,-65.0,POINT (-65 -32.5)
-32.5,-64.5,POINT (-64.5 -32.5)
-32.5,-64.0,POINT (-64 -32.5)
-32.5,-63.5,POINT (-63.5 -32.5)
-32.5,-63.0,POINT (-63 -32.5)
-32.5,-60.0,POINT (-60 -32.5)
-32.5,-59.5,POINT (-59.5 -32.5)
-32.5,-59.0,POINT (-59 -32.5)
-32.5,-58.5,POINT (-58.5 -32.5)
-32.0,-70.0,POINT (-70 -32)
-32.0,-69.5,POINT (-69.5 -32)
-32.0,-69.0,POINT (-69 -32)
-32.0,-68.0,POINT (-68 -32)
-32.0,-67.5,POINT (-67.5 -32)
-32.0,-67.0,POINT (-67 -32)
-32.0,-66.5,POINT (-66.5 -32)
-32.0,-66.0,POINT (-66 -32)
-32.0,-64.5,POINT (-64.5 -32)
-32.0,-63.0,POINT (-63 -32)
-32.0,-62.5,POINT (-62.5 -32)
-32.0,-60.0,POINT (-60 -32)
-32.0,-59.5,POINT (-59.5 -32)
-32.0,-59.0,POINT (-59 -32)
-32.0,-58.5,POINT (-58.5 -32)
-31.5,-70.5,POINT (-70.5 -31.5)
-31.5,-70.0,POINT (-70 -31.5)
-31.5,-69.5,POINT (-69.5 -31.5)
-31.5,-69.0,POINT (-69 -31.5)
-31.5,-67.5,POINT (-67.5 -31.5)
-31.5,-67.0,POINT (-67 -31.5)
-31.5,-66.5,POINT (-66.5 -31.5)
-31.5,-66.0,POINT (-66 -31.5)
-31.5,-65.5,POINT (-65.5 -31.5)
-31.5,-63.0,POINT (-63 -31.5)
-31.5,-62.5,POINT (-62.5 -31.5)
-31.5,-62.0,POINT (-62 -31.5)
-31.5,-61.5,POINT (-61.5 -31.5)
-31.5,-60.0,POINT (-60 -31.5)
-31.5,-59.5,POINT (-59.5 -31.5)
-31.5,-59.0,POINT (-59 -31.5)
-31.5,-58.5,POINT (-58.5 -31.5)
-31.0,-70.0,POINT (-70 -31)
-31.0,-69.5,POINT (-69.5 -31)
-31.0,-69.0,POINT (-69 -31)
-31.0,-68.5,POINT (-68.5 -31)
-31.0,-68.0,POINT (-68 -31)
-31.0,-67.5,POINT (-67.5 -31)
-31.0,-67.0,POINT (-67 -31)
-31.0,-66.5,POINT (-66.5 -31)
-31.0,-66.0,POINT (-66 -31)
-31.0,-65.5,POINT (-65.5 -31)
-31.0,-65.0,POINT (-65 -31)
-31.0,-63.5,POINT (-63.5 -31)
-31.0,-63.0,POINT (-63 -31)
-31.0,-62.5,POINT (-62.5 -31)
-31.0,-62.0,POINT (-62 -31)
-31.0,-61.5,POINT (-61.5 -31)
-31.0,-61.0,POINT (-61 -31)
-31.0,-60.5,POINT (-60.5 -31)
-31.0,-60.0,POINT (-60 -31)
-31.0,-59.5,POINT (-59.5 -31)
-31.0,-59.0,POINT (-59 -31)
-31.0,-58.5,POINT (-58.5 -31)
-30.5,-70.0,POINT (-70 -30.5)
-30.5,-69.5,POINT (-69.5 -30.5)
-30.5,-68.0,POINT (-68 -30.5)
-30.5,-67.5,POINT (-67.5 -30.5)
-30.5,-67.0,POINT (-67 -30.5)
-30.5,-65.5,POINT (-65.5 -30.5)
-30.5,-65.0,POINT (-65 -30.5)
-30.5,-64.5,POINT (-64.5 -30.5)
-30.5,-64.0,POINT (-64 -30.5)
-30.5,-63.5,POINT (-63.5 -30.5)
-30.5,-63.0,POINT (-63 -30.5)
-30.5,-62.5,POINT (-62.5 -30.5)
-30.5,-62.0,POINT (-62 -30.5)
-30.5,-61.5,POINT (-61.5 -30.5)
-30.5,-61.0,POINT (-61 -30.5)
-30.5,-60.5,POINT (-60.5 -30.5)
-30.5,-60.0,POINT (-60 -30.5)
-30.5,-59.5,POINT (-59.5 -30.5)
-30.5,-59.0,POINT (-59 -30.5)
-30.5,-58.5,POINT (-58.5 -30.5)
-30.0,-69.5,POINT (-69.5 -30)
-30.0,-68.0,POINT (-68 -30)
-30.0,-67.5,POINT (-67.5 -30)
-30.0,-67.0,POINT (-67 -30)
-30.0,-65.5,POINT (-65.5 -30)
-30.0,-65.0,POINT (-65 -30)
-30.0,-64.5,POINT (-64.5 -30)
-30.0,-63.0,POINT (-63 -30)
-30.0,-62.5,POINT (-62.5 -30)
-30.0,-61.0,POINT (-61 -30)
-30.0,-60.5,POINT (-60.5 -30)
-30.0,-60.0,POINT (-60 -30)
-30.0,-59.5,POINT (-59.5 -30)
-30.0,-59.0,POINT (-59 -30)
-30.0,-58.5,POINT (-58.5 -30)
-29.5,-69.5,POINT (-69.5 -29.5)
-29.5,-69.0,POINT (-69 -29.5)
-29.5,-68.5,POINT (-68.5 -29.5)
-29.5,-68.0,POINT (-68 -29.5)
-29.5,-66.0,POINT (-66 -29.5)
-29.5,-65.5,POINT (-65.5 -29.5)
-29.5,-65.0,POINT (-65 -29.5)
-29.5,-64.5,POINT (-64.5 -29.5)
-29.5,-63.0,POINT (-63 -29.5)
-29.5,-62.5,POINT (-62.5 -29.5)
-29.5,-61.5,POINT (-61.5 -29.5)
-29.5,-61.0,POINT (-61 -29.5)
-29.5,-60.5,POINT (-60.5 -29.5)
-29.5,-59.0,POINT (-59 -29.5)
-29.5,-58.5,POINT (-58.5 -29.5)
-29.5,-58.0,POINT (-58 -29.5)
-29.0,-69.5,POINT (-69.5 -29)
-29.0,-69.0,POINT (-69 -29)
-29.0,-68.5,POINT (-68.5 -29)
-29.0,-68.0,POINT (-68 -29)
-29.0,-65.0,POINT (-65 -29)
-29.0,-64.5,POINT (-64.5 -29)
-29.0,-64.0,POINT (-64 -29)
-29.0,-63.5,POINT (-63.5 -29)
-29.0,-63.0,POINT (-63 -29)
-29.0,-62.5,POINT (-62.5 -29)
-29.0,-62.0,POINT (-62 -29)
-29.0,-61.5,POINT (-61.5 -29)
-29.0,-61.0,POINT (-61 -29)
-29.0,-60.5,POINT (-60.5 -29)
-29.0,-59.0,POINT (-59 -29)
-29.0,-58.5,POINT (-58.5 -29)
-29.0,-58.0,POINT (-58 -29)
-29.0,-57.5,POINT (-57.5 -29)
-29.0,-57.0,POINT (-57 -29)
-29.0,-56.5,POINT (-56.5 -29)
-28.5,-69.5,POINT (-69.5 -28.5)
-28.5,-69.0,POINT (-69 -28.5)
-28.5,-68.5,POINT (-68.5 -28.5)
-28.5,-68.0,POINT (-68 -28.5)
-28.5,-67.0,POINT (-67 -28.5)
-28.5,-66.5,POINT (-66.5 -28.5)
-28.5,-65.0,POINT (-65 -28.5)
-28.5,-64.5,POINT (-64.5 -28.5)
-28.5,-64.0,POINT (-64 -28.5)
-28.5,-63.5,POINT (-63.5 -28.5)
-28.5,-63.0,POINT (-63 -28.5)
-28.5,-62.5,POINT (-62.5 -28.5)
-28.5,-62.0,POINT (-62 -28.5)
-28.5,-61.5,POINT (-61.5 -28.5)
-28.5,-61.0,POINT (-61 -28.5)
-28.5,-60.5,POINT (-60.5 -28.5)
-28.5,-60.0,POINT (-60 -28.5)
-28.5,-59.5,POINT (-59.5 -28.5)
-28.5,-59.0,POINT (-59 -28.5)
-28.5,-58.5,POINT (-58.5 -28.5)
-28.5,-58.0,POINT (-58 -28.5)
-28.5,-57.5,POINT (-57.5 -28.5)
-28.5,-57.0,POINT (-57 -28.5)
-28.5,-56.5,POINT (-56.5 -28.5)
-28.5,-56.0,POINT (-56 -28.5)
-28.0,-69.0,POINT (-69 -28)
-28.0,-68.5,POINT (-68.5 -28)
-28.0,-67.0,POINT (-67 -28)
-28.0,-66.5,POINT (-66.5 -28)
-28.0,-66.0,POINT (-66 -28)
-28.0,-65.5,POINT (-65.5 -28)
-28.0,-65.0,POINT (-65 -28)
-28.0,-63.5,POINT (-63.5 -28)
-28.0,-63.0,POINT (-63 -28)
-28.0,-62.5,POINT (-62.5 -28)
-28.0,-62.0,POINT (-62 -28)
-28.0,-61.5,POINT (-61.5 -28)
-28.0,-61.0,POINT (-61 -28)
-28.0,-60.5,POINT (-60.5 -28)
-28.0,-60.0,POINT (-60 -28)
-28.0,-59.5,POINT (-59.5 -28)
-28.0,-59.0,POINT (-59 -28)
-28.0,-58.5,POINT (-58.5 -28)
-28.0,-58.0,POINT (-58 -28)
-28.0,-57.5,POINT (-57.5 -28)
-28.0,-57.0,POINT (-57 -28)
-28.0,-56.5,POINT (-56.5 -28)
-28.0,-56.0,POINT (-56 -28)
-28.0,-55.5,POINT (-55.5 -28)
-27.5,-68.5,POINT (-68.5 -27.5)
-27.5,-68.0,POINT (-68 -27.5)
-27.5,-67.5,POINT (-67.5 -27.5)
-27.5,-67.0,POINT (-67 -27.5)
-27.5,-66.5,POINT (-66.5 -27.5)
-27.5,-66.0,POINT (-66 -27.5)
-27.5,-65.5,POINT (-65.5 -27.5)
-27.5,-65.0,POINT (-65 -27.5)
-27.5,-63.5,POINT (-63.5 -27.5)
-27.5,-63.0,POINT (-63 -27.5)
-27.5,-62.5,POINT (-62.5 -27.5)
-27.5,-62.0,POINT (-62 -27.5)
-27.5,-61.5,POINT (-61.5 -27.5)
-27.5,-61.0,POINT (-61 -27.5)
-27.5,-60.5,POINT (-60.5 -27.5)
-27.5,-60.0,POINT (-60 -27.5)
-27.5,-58.0,POINT (-58 -27.5)
-27.5,-57.5,POINT (-57.5 -27.5)
-27.5,-57.0,POINT (-57 -27.5)
-27.0,-68.0,POINT (-68 -27)
-27.0,-67.5,POINT (-67.5 -27)
-27.0,-67.0,POINT (-67 -27)
-27.0,-66.5,POINT (-66.5 -27)
-27.0,-66.0,POINT (-66 -27)
-27.0,-64.5,POINT (-64.5 -27)
-27.0,-64.0,POINT (-64 -27)
-27.0,-63.5,POINT (-63.5 -27)
-27.0,-63.0,POINT (-63 -27)
-27.0,-62.5,POINT (-62.5 -27)
-27.0,-62.0,POINT (-62 -27)
-27.0,-61.5,POINT (-61.5 -27)
-27.0,-61.0,POINT (-61 -27)
-27.0,-60.0,POINT (-60 -27)
-27.0,-59.5,POINT (-59.5 -27)
-27.0,-54.5,POINT (-54.5 -27)
-27.0,-54.0,POINT (-54 -27)
-26.5,-68.5,POINT (-68.5 -26.5)
-26.5,-68.0,POINT (-68 -26.5)
-26.5,-67.5,POINT (-67.5 -26.5)
-26.5,-67.0,POINT (-67 -26.5)
-26.5,-66.5,POINT (-66.5 -26.5)
-26.5,-66.0,POINT (-66 -26.5)
-26.5,-65.5,POINT (-65.5 -26.5)
-26.5,-64.5,POINT (-64.5 -26.5)
-26.5,-64.0,POINT (-64 -26.5)
-26.5,-63.5,POINT (-63.5 -26.5)
-26.5,-63.0,POINT (-63 -26.5)
-26.5,-62.5,POINT (-62.5 -26.5)
-26.5,-62.0,POINT (-62 -26.5)
-26.5,-61.5,POINT (-61.5 -26.5)
-26.5,-61.0,POINT (-61 -26.5)
-26.5,-60.0,POINT (-60 -26.5)
-26.5,-59.5,POINT (-59.5 -26.5)
-26.5,-59.0,POINT (-59 -26.5)
-26.5,-54.5,POINT (-54.5 -26.5)
-26.0,-68.0,POINT (-68 -26)
-26.0,-67.5,POINT (-67.5 -26)
-26.0,-67.0,POINT (-67 -26)
-26.0,-66.5,POINT (-66.5 -26)
-26.0,-66.0,POINT (-66 -26)
-26.0,-65.5,POINT (-65.5 -26)
-26.0,-65.0,POINT (-65 -26)
-26.0,-64.5,POINT (-64.5 -26)
-26.0,-64.0,POINT (-64 -26)
-26.0,-63.5,POINT (-63.5 -26)
-26.0,-63.0,POINT (-63 -26)
-26.0,-62.5,POINT (-62.5 -26)
-26.0,-62.0,POINT (-62 -26)
-26.0,-61.5,POINT (-61.5 -26)
-26.0,-61.0,POINT (-61 -26)
-26.0,-60.5,POINT (-60.5 -26)
-26.0,-60.0,POINT (-60 -26)
-26.0,-59.5,POINT (-59.5 -26)
-26.0,-59.0,POINT (-59 -26)
-25.5,-68.5,POINT (-68.5 -25.5)
-25.5,-68.0,POINT (-68 -25.5)
-25.5,-67.5,POINT (-67.5 -25.5)
-25.5,-67.0,POINT (-67 -25.5)
-25.5,-66.5,POINT (-66.5 -25.5)
-25.5,-66.0,POINT (-66 -25.5)
-25.5,-65.5,POINT (-65.5 -25.5)
-25.5,-65.0,POINT (-65 -25.5)
-25.5,-64.5,POINT (-64.5 -25.5)
-25.5,-64.0,POINT (-64 -25.5)
-25.5,-63.5,POINT (-63.5 -25.5)
-25.5,-63.0,POINT (-63 -25.5)
-25.5,-62.5,POINT (-62.5 -25.5)
-25.5,-62.0,POINT (-62 -25.5)
-25.5,-61.5,POINT (-61.5 -25.5)
-25.5,-61.0,POINT (-61 -25.5)
-25.5,-60.5,POINT (-60.5 -25.5)
-25.5,-60.0,POINT (-60 -25.5)
-25.5,-59.5,POINT (-59.5 -25.5)
-25.5,-59.0,POINT (-59 -25.5)
-25.5,-58.5,POINT (-58.5 -25.5)
-25.5,-58.0,POINT (-58 -25.5)
-25.0,-68.0,POINT (-68 -25)
-25.0,-67.5,POINT (-67.5 -25)
-25.0,-67.0,POINT (-67 -25)
-25.0,-66.5,POINT (-66.5 -25)
-25.0,-66.0,POINT (-66 -25)
-25.0,-64.5,POINT (-64.5 -25)
-25.0,-64.0,POINT (-64 -25)
-25.0,-63.5,POINT (-63.5 -25)
-25.0,-63.0,POINT (-63 -25)
-25.0,-62.5,POINT (-62.5 -25)
-25.0,-62.0,POINT (-62 -25)
-25.0,-61.5,POINT (-61.5 -25)
-25.0,-61.0,POINT (-61 -25)
-25.0,-60.0,POINT (-60 -25)
-25.0,-59.5,POINT (-59.5 -25)
-25.0,-59.0,POINT (-59 -25)
-25.0,-58.5,POINT (-58.5 -25)
-24.5,-68.0,POINT (-68 -24.5)
-24.5,-67.5,POINT (-67.5 -24.5)
-24.5,-67.0,POINT (-67 -24.5)
-24.5,-66.5,POINT (-66.5 -24.5)
-24.5,-66.0,POINT (-66 -24.5)
-24.5,-64.5,POINT (-64.5 -24.5)
-24.5,-64.0,POINT (-64 -24.5)
-24.5,-63.5,POINT (-63.5 -24.5)
-24.5,-63.0,POINT (-63 -24.5)
-24.5,-62.5,POINT (-62.5 -24.5)
-24.5,-62.0,POINT (-62 -24.5)
-24.5,-61.5,POINT (-61.5 -24.5)
-24.5,-60.0,POINT (-60 -24.5)
-24.5,-59.5,POINT (-59.5 -24.5)
-24.0,-67.0,POINT (-67 -24)
-24.0,-66.5,POINT (-66.5 -24)
-24.0,-66.0,POINT (-66 -24)
-24.0,-64.5,POINT (-64.5 -24)
-24.0,-64.0,POINT (-64 -24)
-24.0,-63.5,POINT (-63.5 -24)
-24.0,-63.0,POINT (-63 -24)
-24.0,-62.5,POINT (-62.5 -24)
-24.0,-62.0,POINT (-62 -24)
-24.0,-61.5,POINT (-61.5 -24)
-24.0,-61.0,POINT (-61 -24)
-24.0,-60.5,POINT (-60.5 -24)
-23.5,-67.0,POINT (-67 -23.5)
-23.5,-66.5,POINT (-66.5 -23.5)
-23.5,-66.0,POINT (-66 -23.5)
-23.5,-65.5,POINT (-65.5 -23.5)
-23.5,-65.0,POINT (-65 -23.5)
-23.5,-63.5,POINT (-63.5 -23.5)
-23.5,-63.0,POINT (-63 -23.5)
-23.5,-62.5,POINT (-62.5 -23.5)
-23.5,-62.0,POINT (-62 -23.5)
-23.5,-61.5,POINT (-61.5 -23.5)
-23.0,-66.5,POINT (-66.5 -23)
-23.0,-66.0,POINT (-66 -23)
-23.0,-65.5,POINT (-65.5 -23)
-23.0,-65.0,POINT (-65 -23)
-23.0,-63.0,POINT (-63 -23)
-23.0,-62.5,POINT (-62.5 -23)
-23.0,-62.0,POINT (-62 -23)
-22.5,-66.5,POINT (-66.5 -22.5)
-22.5,-66.0,POINT (-66 -22.5)
-22.5,-65.0,POINT (-65 -22.5)
-22.5,-64.5,POINT (-64.5 -22.5)
-22.5,-63.0,POINT (-63 -22.5)
-22.5,-62.5,POINT (-62.5 -22.5)
-22.0,-63.5,POINT (-63.5 -22)
-22.0,-63.0,POINT (-63 -22)
